Method,n_probes,Deletion AUC,Insertion AUC,Mean margin clean
RISE (baseline),1673,0.03375868590184565,0.28344583612721896,0.41343315050798624
CRISE (tau=0.1),1693,0.01282585778819137,0.30587600815680366,0.41368257127178537
